{"cameraMode":{"drawMode":0,"name":"Shaded","section":"Shading Mode"},"sceneLighting":false,"audioPlay":false,"sceneViewState":{"showFog":true,"showMaterialUpdate":false,"showSkybox":true,"showFlares":true,"showImageEffects":true,"showParticleSystems":true},"in2DMode":false,"pivot":{"x":285.7427673339844,"y":422.701416015625,"z":22.9268798828125},"rotation":{"x":0.05574863776564598,"y":-0.018563777208328248,"z":0.0010462244972586632,"w":0.9982752799987793},"size":306.6546325683594,"orthographic":false}